{
  "colors" : [
    {
      "color" : {
        "platform" : "tvos",
        "reference" : "linkColor"
      },
      "idiom" : "universal"
    },
    {
      "appearances" : [
        {
          "appearance" : "luminosity",
          "value" : "dark"
        }
      ],
      "color" : {
        "platform" : "tvos",
        "reference" : "linkColor"
      },
      "idiom" : "universal"
    }
  ],
  "info" : {
    "author" : "xcode",
    "version" : 1
  },
  "properties" : {
    "localizable" : true
  }
}
